<?xml version="1.0"?>
<!--
  Licensed to the Apache Software Foundation (ASF) under one or more
  contributor license agreements.  See the NOTICE file distributed with
  this work for additional information regarding copyright ownership.
  The ASF licenses this file to You under the Apache License, Version 2.0
  (the "License"); you may not use this file except in compliance with
  the License.  You may obtain a copy of the License at

      https://www.apache.org/licenses/LICENSE-2.0

  Unless required by applicable law or agreed to in writing, software
  distributed under the License is distributed on an "AS IS" BASIS,
  WITHOUT WARRANTIES OR CONDITIONS OF ANY KIND, either express or implied.
  See the License for the specific language governing permissions and
  limitations under the License.
-->

<project name="xxx-test" basedir="." default="test1">

  <target name="test1">
    <gunzip/>
  </target>

  <target name="test2">
    <gunzip src=""/>
  </target>

  <target name="cleanup">
    <delete file="asf-logo.gif" />
  </target>

  <target name="testGzipTask">
    <ant antfile="gzip.xml" target="realTest" />
    <gunzip src="asf-logo.gif.gz" dest="asf-logo.gif" />
    <ant antfile="gzip.xml" target="cleanup" />
  </target>

  <target name="realTest">
    <gunzip src="expected/asf-logo.gif.gz" dest="asf-logo.gif" />
  </target>

  <target name="realTestWithResource">
    <gunzip dest="asf-logo.gif">
      <file file="expected/asf-logo.gif.gz"/>
    </gunzip>
  </target>

  <target name="testDocumentationClaimsOnCopy">
    <copy todir=".">
      <gzipresource>
        <file file="expected/asf-logo.gif.gz"/>
      </gzipresource>
      <mapper type="glob" from="*.gz" to="*"/>
    </copy>
  </target>

</project>
